,country,subject_descriptor,2020
0,Albania,"Gross domestic product, constant prices",-3.482
1,Albania,"Gross domestic product, current prices",15.161
2,Albania,"Gross domestic product, deflator",203.32
3,Albania,"Gross domestic product per capita, constant prices","13,394.46"
4,Albania,Total investment,22.79
5,Albania,Gross national savings,14.074
6,Albania,"Inflation, average consumer prices",108.613
7,Albania,Volume of imports of goods and services,-19.517
8,Albania,Volume of exports of goods and services,-27.509
9,Albania,Unemployment rate,11.675
10,Albania,Population,2.878
11,Albania,General government revenue,25.905
12,Albania,General government total expenditure,32.619
13,Albania,General government net lending/borrowing,-6.713
14,Albania,General government gross debt,75.927
15,Albania,Current account balance,-8.677
16,Algeria,"Gross domestic product, constant prices",-4.9
17,Algeria,"Gross domestic product, current prices",147.6
18,Algeria,"Gross domestic product, deflator",261.583
19,Algeria,"Gross domestic product per capita, constant prices","10,747.35"
20,Algeria,Total investment,42.597
21,Algeria,Gross national savings,29.921
22,Algeria,"Inflation, average consumer prices",211.18
23,Algeria,Volume of imports of goods and services,-18.914
24,Algeria,Volume of exports of goods and services,-4.154
25,Algeria,Unemployment rate,14.652
26,Algeria,Population,43.851
27,Algeria,General government revenue,30.128
28,Algeria,General government total expenditure,36.868
29,Algeria,General government net lending/borrowing,-6.74
30,Algeria,General government gross debt,51.324
31,Algeria,Current account balance,-12.677
32,Argentina,"Gross domestic product, constant prices",-9.895
33,Argentina,"Gross domestic product, current prices",389.064
34,Argentina,"Gross domestic product, deflator","4,400.78"
35,Argentina,"Gross domestic product per capita, constant prices","19,685.74"
36,Argentina,Total investment,17.913
37,Argentina,Gross national savings,18.765
38,Argentina,"Inflation, average consumer prices",619.207
39,Argentina,Volume of imports of goods and services,-10.722
40,Argentina,Volume of exports of goods and services,-13.124
41,Argentina,Unemployment rate,11.55
42,Argentina,Population,45.388
43,Argentina,General government revenue,33.466
44,Argentina,General government total expenditure,42.092
45,Argentina,General government net lending/borrowing,-8.626
46,Argentina,General government gross debt,102.79
47,Argentina,Current account balance,0.852
48,Armenia,"Gross domestic product, constant prices",-7.395
49,Armenia,"Gross domestic product, current prices",12.641
50,Armenia,"Gross domestic product, deflator",162.702
51,Armenia,"Gross domestic product per capita, constant prices","12,631.53"
52,Armenia,Total investment,18.532
53,Armenia,Gross national savings,14.746
54,Armenia,"Inflation, average consumer prices",218.396
55,Armenia,Volume of imports of goods and services,-30.991
56,Armenia,Volume of exports of goods and services,-35.571
57,Armenia,Unemployment rate,18.1
58,Armenia,Population,2.962
59,Armenia,General government revenue,25.247
60,Armenia,General government total expenditure,30.649
61,Armenia,General government net lending/borrowing,-5.403
62,Armenia,General government gross debt,63.476
63,Armenia,Current account balance,-3.787
64,Australia,"Gross domestic product, constant prices",-2.179
65,Australia,"Gross domestic product, current prices","1,357.32"
66,Australia,"Gross domestic product, deflator",100.348
67,Australia,"Gross domestic product per capita, constant prices","49,088.42"
68,Australia,Total investment,22.271
69,Australia,Gross national savings,24.87
70,Australia,"Inflation, average consumer prices",116.175
71,Australia,Volume of imports of goods and services,-13.014
72,Australia,Volume of exports of goods and services,-9.822
73,Australia,Unemployment rate,6.492
74,Australia,Population,25.684
75,Australia,General government revenue,36.09
76,Australia,General government total expenditure,44.674
77,Australia,General government net lending/borrowing,-8.585
78,Australia,General government gross debt,57.828
79,Australia,Current account balance,2.595
80,Austria,"Gross domestic product, constant prices",-6.735
81,Austria,"Gross domestic product, current prices",432.912
82,Austria,"Gross domestic product, deflator",108.886
83,Austria,"Gross domestic product per capita, constant prices","52,262.89"
84,Austria,Total investment,25.901
85,Austria,Gross national savings,27.8
86,Austria,"Inflation, average consumer prices",131.81
87,Austria,Volume of imports of goods and services,-9.377
88,Austria,Volume of exports of goods and services,-10.759
89,Austria,Unemployment rate,5.4
90,Austria,Population,8.901
91,Austria,General government revenue,48.749
92,Austria,General government total expenditure,57.06
93,Austria,General government net lending/borrowing,-8.311
94,Austria,General government gross debt,83.213
95,Austria,Current account balance,1.899
96,Azerbaijan,"Gross domestic product, constant prices",-4.31
97,Azerbaijan,"Gross domestic product, current prices",42.693
98,Azerbaijan,"Gross domestic product, deflator",253.606
99,Azerbaijan,"Gross domestic product per capita, constant prices","13,758.21"
100,Azerbaijan,Total investment,24.235
101,Azerbaijan,Gross national savings,22.794
102,Azerbaijan,"Inflation, average consumer prices",263.348
103,Azerbaijan,Volume of imports of goods and services,-9.744
104,Azerbaijan,Volume of exports of goods and services,-9.02
105,Azerbaijan,Unemployment rate,7.157
106,Azerbaijan,Population,10.067
107,Azerbaijan,General government revenue,33.72
108,Azerbaijan,General government total expenditure,40.242
109,Azerbaijan,General government net lending/borrowing,-6.523
110,Azerbaijan,General government gross debt,21.327
111,Azerbaijan,Current account balance,-0.533
112,The Bahamas,"Gross domestic product, constant prices",-14.515
113,The Bahamas,"Gross domestic product, current prices",9.908
114,The Bahamas,"Gross domestic product, deflator",102.504
115,The Bahamas,"Gross domestic product per capita, constant prices","31,507.94"
116,The Bahamas,Total investment,20.611
117,The Bahamas,Gross national savings,-2.908
118,The Bahamas,"Inflation, average consumer prices",108.07
119,The Bahamas,Volume of imports of goods and services,-24.173
120,The Bahamas,Volume of exports of goods and services,-68.074
121,The Bahamas,Unemployment rate,25.55
122,The Bahamas,Population,0.385
123,The Bahamas,General government revenue,18.466
124,The Bahamas,General government total expenditure,25.677
125,The Bahamas,General government net lending/borrowing,-7.21
126,The Bahamas,General government gross debt,75.07
127,The Bahamas,Current account balance,-23.519
128,Belgium,"Gross domestic product, constant prices",-5.66
129,Belgium,"Gross domestic product, current prices",521.445
130,Belgium,"Gross domestic product, deflator",108.588
131,Belgium,"Gross domestic product per capita, constant prices","49,036.14"
132,Belgium,Total investment,24.161
133,Belgium,Gross national savings,25.002
134,Belgium,"Inflation, average consumer prices",108.227
135,Belgium,Volume of imports of goods and services,-7.014
136,Belgium,Volume of exports of goods and services,-6.493
137,Belgium,Unemployment rate,5.733
138,Belgium,Population,11.522
139,Belgium,General government revenue,50.116
140,Belgium,General government total expenditure,59.184
141,Belgium,General government net lending/borrowing,-9.068
142,Belgium,General government gross debt,112.77
143,Belgium,Current account balance,0.84
144,Bolivia,"Gross domestic product, constant prices",-8.738
145,Bolivia,"Gross domestic product, current prices",36.897
146,Bolivia,"Gross domestic product, deflator",563.061
147,Bolivia,"Gross domestic product per capita, constant prices","7,882.11"
148,Bolivia,Total investment,15.778
149,Bolivia,Gross national savings,12.47
150,Bolivia,"Inflation, average consumer prices",104.422
151,Bolivia,Volume of imports of goods and services,-23.841
152,Bolivia,Volume of exports of goods and services,-18.824
153,Bolivia,Unemployment rate,8.3
154,Bolivia,Population,11.63
155,Bolivia,General government revenue,25.26
156,Bolivia,General government total expenditure,37.976
157,Bolivia,General government net lending/borrowing,-12.717
158,Bolivia,General government gross debt,78.129
159,Bolivia,Current account balance,-0.382
160,Bosnia and Herzegovina,"Gross domestic product, constant prices",-3.119
161,Bosnia and Herzegovina,"Gross domestic product, current prices",19.951
162,Bosnia and Herzegovina,"Gross domestic product, deflator",108.94
163,Bosnia and Herzegovina,"Gross domestic product per capita, constant prices","13,750.52"
164,Bosnia and Herzegovina,Total investment,22.664
165,Bosnia and Herzegovina,Gross national savings,18.897
166,Bosnia and Herzegovina,"Inflation, average consumer prices",100.117
167,Bosnia and Herzegovina,Volume of imports of goods and services,-13.308
168,Bosnia and Herzegovina,Volume of exports of goods and services,-17.044
169,Bosnia and Herzegovina,Unemployment rate,15.9
170,Bosnia and Herzegovina,Population,3.487
171,Bosnia and Herzegovina,General government revenue,41.276
172,Bosnia and Herzegovina,General government total expenditure,45.956
173,Bosnia and Herzegovina,General government net lending/borrowing,-4.68
174,Bosnia and Herzegovina,General government gross debt,36.533
175,Bosnia and Herzegovina,Current account balance,-3.768
176,Brazil,"Gross domestic product, constant prices",-3.879
177,Brazil,"Gross domestic product, current prices","1,448.55"
178,Brazil,"Gross domestic product, deflator",645.17
179,Brazil,"Gross domestic product per capita, constant prices","14,117.32"
180,Brazil,Total investment,15.931
181,Brazil,Gross national savings,14.24
182,Brazil,"Inflation, average consumer prices","35,457,162,626,753.90"
183,Brazil,Volume of imports of goods and services,-8.64
184,Brazil,Volume of exports of goods and services,-1.367
185,Brazil,Unemployment rate,13.775
186,Brazil,Population,211.756
187,Brazil,General government revenue,29.535
188,Brazil,General government total expenditure,42.867
189,Brazil,General government net lending/borrowing,-13.332
190,Brazil,General government gross debt,98.682
191,Brazil,Current account balance,-1.691
192,Bulgaria,"Gross domestic product, constant prices",-4.387
193,Bulgaria,"Gross domestic product, current prices",69.995
194,Bulgaria,"Gross domestic product, deflator",123.779
195,Bulgaria,"Gross domestic product per capita, constant prices","22,506.52"
196,Bulgaria,Total investment,20.34
197,Bulgaria,Gross national savings,20.077
198,Bulgaria,"Inflation, average consumer prices",106.274
199,Bulgaria,Volume of imports of goods and services,-5.021
200,Bulgaria,Volume of exports of goods and services,-10.585
201,Bulgaria,Unemployment rate,5.207
202,Bulgaria,Population,6.917
203,Bulgaria,General government revenue,35.037
204,Bulgaria,General government total expenditure,37.981
205,Bulgaria,General government net lending/borrowing,-2.944
206,Bulgaria,General government gross debt,23.304
207,Bulgaria,Current account balance,-0.263
208,Cabo Verde,"Gross domestic product, constant prices",-14.783
209,Cabo Verde,"Gross domestic product, current prices",1.707
210,Cabo Verde,"Gross domestic product, deflator",115.009
211,Cabo Verde,"Gross domestic product per capita, constant prices","6,036.15"
212,Cabo Verde,Total investment,36.106
213,Cabo Verde,Gross national savings,20.211
214,Cabo Verde,"Inflation, average consumer prices",101.718
215,Cabo Verde,Volume of imports of goods and services,-8.005
216,Cabo Verde,Volume of exports of goods and services,-53.215
217,Cabo Verde,Unemployment rate,8.5
218,Cabo Verde,Population,0.557
219,Cabo Verde,General government revenue,26.53
220,Cabo Verde,General government total expenditure,35.641
221,Cabo Verde,General government net lending/borrowing,-9.111
222,Cabo Verde,General government gross debt,158.816
223,Cabo Verde,Current account balance,-15.895
224,Canada,"Gross domestic product, constant prices",-5.233
225,Canada,"Gross domestic product, current prices","1,645.42"
226,Canada,"Gross domestic product, deflator",110.371
227,Canada,"Gross domestic product per capita, constant prices","46,405.46"
228,Canada,Total investment,22.257
229,Canada,Gross national savings,20.471
230,Canada,"Inflation, average consumer prices",136.958
231,Canada,Volume of imports of goods and services,-10.839
232,Canada,Volume of exports of goods and services,-9.71
233,Canada,Unemployment rate,9.583
234,Canada,Population,37.995
235,Canada,General government revenue,41.647
236,Canada,General government total expenditure,53.007
237,Canada,General government net lending/borrowing,-11.36
238,Canada,General government gross debt,117.755
239,Canada,Current account balance,-1.786
240,Chile,"Gross domestic product, constant prices",-6.063
241,Chile,"Gross domestic product, current prices",252.501
242,Chile,"Gross domestic product, deflator",111.537
243,Chile,"Gross domestic product per capita, constant prices","22,061.27"
244,Chile,Total investment,21.598
245,Chile,Gross national savings,19.924
246,Chile,"Inflation, average consumer prices",105.37
247,Chile,Volume of imports of goods and services,-12.809
248,Chile,Volume of exports of goods and services,-1.203
249,Chile,Unemployment rate,10.77
250,Chile,Population,19.458
251,Chile,General government revenue,22.12
252,Chile,General government total expenditure,29.272
253,Chile,General government net lending/borrowing,-7.151
254,Chile,General government gross debt,32.58
255,Chile,Current account balance,-1.892
256,China,"Gross domestic product, constant prices",2.244
257,China,"Gross domestic product, current prices","14,862.56"
258,China,"Gross domestic product, deflator",112.142
259,China,"Gross domestic product per capita, constant prices","16,226.10"
260,China,Total investment,42.857
261,China,Gross national savings,44.531
262,China,"Inflation, average consumer prices",111.447
263,China,Volume of imports of goods and services,-0.967
264,China,Volume of exports of goods and services,2.121
265,China,Unemployment rate,4.24
266,China,Population,"1,412.12"
267,China,General government revenue,25.685
268,China,General government total expenditure,36.378
269,China,General government net lending/borrowing,-10.693
270,China,General government gross debt,68.063
271,China,Current account balance,1.674
272,Colombia,"Gross domestic product, constant prices",-7.048
273,Colombia,"Gross domestic product, current prices",270.415
274,Colombia,"Gross domestic product, deflator",121.927
275,Colombia,"Gross domestic product per capita, constant prices","13,672.27"
276,Colombia,Total investment,19.244
277,Colombia,Gross national savings,15.84
278,Colombia,"Inflation, average consumer prices",105.142
279,Colombia,Volume of imports of goods and services,-15.919
280,Colombia,Volume of exports of goods and services,-9.117
281,Colombia,Unemployment rate,16.067
282,Colombia,Population,50.372
283,Colombia,General government revenue,26.584
284,Colombia,General government total expenditure,33.56
285,Colombia,General government net lending/borrowing,-6.976
286,Colombia,General government gross debt,65.658
287,Colombia,Current account balance,-3.405
288,Costa Rica,"Gross domestic product, constant prices",-4.051
289,Costa Rica,"Gross domestic product, current prices",62.144
290,Costa Rica,"Gross domestic product, deflator",104.979
291,Costa Rica,"Gross domestic product per capita, constant prices","19,249.23"
292,Costa Rica,Total investment,15.804
293,Costa Rica,Gross national savings,14.662
294,Costa Rica,"Inflation, average consumer prices",99.301
295,Costa Rica,Volume of imports of goods and services,-10.19
296,Costa Rica,Volume of exports of goods and services,-10.939
297,Costa Rica,Unemployment rate,19.98
298,Costa Rica,Population,5.128
299,Costa Rica,General government revenue,13.966
300,Costa Rica,General government total expenditure,22.408
301,Costa Rica,General government net lending/borrowing,-8.442
302,Costa Rica,General government gross debt,67.167
303,Costa Rica,Current account balance,-1.141
304,Croatia,"Gross domestic product, constant prices",-8.1
305,Croatia,"Gross domestic product, current prices",57.204
306,Croatia,"Gross domestic product, deflator",104.964
307,Croatia,"Gross domestic product per capita, constant prices","27,053.24"
308,Croatia,Total investment,23.909
309,Croatia,Gross national savings,23.796
310,Croatia,"Inflation, average consumer prices",102.383
311,Croatia,Volume of imports of goods and services,-12.26
312,Croatia,Volume of exports of goods and services,-22.726
313,Croatia,Unemployment rate,9
314,Croatia,Population,4.048
315,Croatia,General government revenue,47.127
316,Croatia,General government total expenditure,54.489
317,Croatia,General government net lending/borrowing,-7.362
318,Croatia,General government gross debt,87.281
319,Croatia,Current account balance,-0.113
320,Cyprus,"Gross domestic product, constant prices",-4.985
321,Cyprus,"Gross domestic product, current prices",24.672
322,Cyprus,"Gross domestic product, deflator",101.677
323,Cyprus,"Gross domestic product per capita, constant prices","39,200.15"
324,Cyprus,Total investment,19.016
325,Cyprus,Gross national savings,9.055
326,Cyprus,"Inflation, average consumer prices",99.674
327,Cyprus,Volume of imports of goods and services,-2.548
328,Cyprus,Volume of exports of goods and services,-5.106
329,Cyprus,Unemployment rate,7.575
330,Cyprus,Population,0.888
331,Cyprus,General government revenue,39.282
332,Cyprus,General government total expenditure,44.984
333,Cyprus,General government net lending/borrowing,-5.702
334,Cyprus,General government gross debt,114.961
335,Cyprus,Current account balance,-10.071
336,Czech Republic,"Gross domestic product, constant prices",-5.798
337,Czech Republic,"Gross domestic product, current prices",245.339
338,Czech Republic,"Gross domestic product, deflator",113.982
339,Czech Republic,"Gross domestic product per capita, constant prices","38,672.90"
340,Czech Republic,Total investment,25.92
341,Czech Republic,Gross national savings,29.494
342,Czech Republic,"Inflation, average consumer prices",111.767
343,Czech Republic,Volume of imports of goods and services,-6.859
344,Czech Republic,Volume of exports of goods and services,-6.922
345,Czech Republic,Unemployment rate,2.541
346,Czech Republic,Population,10.694
347,Czech Republic,General government revenue,41.639
348,Czech Republic,General government total expenditure,47.224
349,Czech Republic,General government net lending/borrowing,-5.585
350,Czech Republic,General government gross debt,37.746
351,Czech Republic,Current account balance,3.574
352,Denmark,"Gross domestic product, constant prices",-2.061
353,Denmark,"Gross domestic product, current prices",356.085
354,Denmark,"Gross domestic product, deflator",111.43
355,Denmark,"Gross domestic product per capita, constant prices","56,065.51"
356,Denmark,Total investment,22.926
357,Denmark,Gross national savings,31.065
358,Denmark,"Inflation, average consumer prices",102.875
359,Denmark,Volume of imports of goods and services,-4.08
360,Denmark,Volume of exports of goods and services,-7.007
361,Denmark,Unemployment rate,5.658
362,Denmark,Population,5.823
363,Denmark,General government revenue,53.251
364,Denmark,General government total expenditure,53.434
365,Denmark,General government net lending/borrowing,-0.183
366,Denmark,General government gross debt,42.103
367,Denmark,Current account balance,8.139
368,Dominican Republic,"Gross domestic product, constant prices",-6.72
369,Dominican Republic,"Gross domestic product, current prices",78.923
370,Dominican Republic,"Gross domestic product, deflator",181.897
371,Dominican Republic,"Gross domestic product per capita, constant prices","17,652.97"
372,Dominican Republic,Total investment,25.383
373,Dominican Republic,Gross national savings,23.43
374,Dominican Republic,"Inflation, average consumer prices",100.752
375,Dominican Republic,Volume of imports of goods and services,-11.718
376,Dominican Republic,Volume of exports of goods and services,-33.725
377,Dominican Republic,Unemployment rate,5.829
378,Dominican Republic,Population,10.448
379,Dominican Republic,General government revenue,14.187
380,Dominican Republic,General government total expenditure,22.092
381,Dominican Republic,General government net lending/borrowing,-7.905
382,Dominican Republic,General government gross debt,71.533
383,Dominican Republic,Current account balance,-1.953
384,Ecuador,"Gross domestic product, constant prices",-7.788
385,Ecuador,"Gross domestic product, current prices",99.291
386,Ecuador,"Gross domestic product, deflator",149.802
387,Ecuador,"Gross domestic product per capita, constant prices","10,403.08"
388,Ecuador,Total investment,22.046
389,Ecuador,Gross national savings,24.628
390,Ecuador,"Inflation, average consumer prices",105.129
391,Ecuador,Volume of imports of goods and services,-14.913
392,Ecuador,Volume of exports of goods and services,0.216
393,Ecuador,Unemployment rate,5.346
394,Ecuador,Population,17.511
395,Ecuador,General government revenue,29.618
396,Ecuador,General government total expenditure,35.73
397,Ecuador,General government net lending/borrowing,-6.111
398,Ecuador,General government gross debt,60.89
399,Ecuador,Current account balance,2.583
400,Egypt,"Gross domestic product, constant prices",3.57
401,Egypt,"Gross domestic product, current prices",364.023
402,Egypt,"Gross domestic product, deflator",146.551
403,Egypt,"Gross domestic product per capita, constant prices","12,157.50"
404,Egypt,Total investment,13.742
405,Egypt,Gross national savings,10.675
406,Egypt,"Inflation, average consumer prices",105.692
407,Egypt,Volume of imports of goods and services,0.356
408,Egypt,Volume of exports of goods and services,-3.775
409,Egypt,Unemployment rate,8.296
410,Egypt,Population,100.6
411,Egypt,General government revenue,19.153
412,Egypt,General government total expenditure,27.001
413,Egypt,General government net lending/borrowing,-7.848
414,Egypt,General government gross debt,89.647
415,Egypt,Current account balance,-3.068
416,El Salvador,"Gross domestic product, constant prices",-7.942
417,El Salvador,"Gross domestic product, current prices",24.639
418,El Salvador,"Gross domestic product, deflator",104.972
419,El Salvador,"Gross domestic product per capita, constant prices","8,056.56"
420,El Salvador,Total investment,17.906
421,El Salvador,Gross national savings,18.397
422,El Salvador,"Inflation, average consumer prices",112.027
423,El Salvador,Volume of imports of goods and services,-7.135
424,El Salvador,Volume of exports of goods and services,-21.221
425,El Salvador,Unemployment rate,11.973
426,El Salvador,Population,6.486
427,El Salvador,General government revenue,24.525
428,El Salvador,General government total expenditure,32.715
429,El Salvador,General government net lending/borrowing,-8.19
430,El Salvador,General government gross debt,89.164
431,El Salvador,Current account balance,0.491
432,Estonia,"Gross domestic product, constant prices",-2.951
433,Estonia,"Gross domestic product, current prices",30.626
434,Estonia,"Gross domestic product, deflator",113.293
435,Estonia,"Gross domestic product per capita, constant prices","35,341.82"
436,Estonia,Total investment,30.244
437,Estonia,Gross national savings,29.986
438,Estonia,"Inflation, average consumer prices",109.795
439,Estonia,Volume of imports of goods and services,0.856
440,Estonia,Volume of exports of goods and services,-4.978
441,Estonia,Unemployment rate,6.806
442,Estonia,Population,1.329
443,Estonia,General government revenue,40.289
444,Estonia,General government total expenditure,45.885
445,Estonia,General government net lending/borrowing,-5.596
446,Estonia,General government gross debt,18.996
447,Estonia,Current account balance,-0.258
448,Finland,"Gross domestic product, constant prices",-2.3
449,Finland,"Gross domestic product, current prices",271.619
450,Finland,"Gross domestic product, deflator",106.098
451,Finland,"Gross domestic product per capita, constant prices","47,442.51"
452,Finland,Total investment,24.484
453,Finland,Gross national savings,25.317
454,Finland,"Inflation, average consumer prices",103.976
455,Finland,Volume of imports of goods and services,-6.643
456,Finland,Volume of exports of goods and services,-7.473
457,Finland,Unemployment rate,7.758
458,Finland,Population,5.525
459,Finland,General government revenue,51.468
460,Finland,General government total expenditure,56.892
461,Finland,General government net lending/borrowing,-5.423
462,Finland,General government gross debt,68.986
463,Finland,Current account balance,0.834
464,France,"Gross domestic product, constant prices",-7.987
465,France,"Gross domestic product, current prices","2,621.96"
466,France,"Gross domestic product, deflator",107.17
467,France,"Gross domestic product per capita, constant prices","43,813.22"
468,France,Total investment,23.663
469,France,Gross national savings,21.762
470,France,"Inflation, average consumer prices",105.498
471,France,Volume of imports of goods and services,-12.164
472,France,Volume of exports of goods and services,-16.117
473,France,Unemployment rate,8.008
474,France,Population,65.284
475,France,General government revenue,52.633
476,France,General government total expenditure,61.716
477,France,General government net lending/borrowing,-9.084
478,France,General government gross debt,115.152
479,France,Current account balance,-1.901
480,Georgia,"Gross domestic product, constant prices",-6.76
481,Georgia,"Gross domestic product, current prices",15.846
482,Georgia,"Gross domestic product, deflator",131.12
483,Georgia,"Gross domestic product per capita, constant prices","13,988.18"
484,Georgia,Total investment,23.857
485,Georgia,Gross national savings,11.452
486,Georgia,"Inflation, average consumer prices",140.564
487,Georgia,Volume of imports of goods and services,-17.914
488,Georgia,Volume of exports of goods and services,-37.011
489,Georgia,Unemployment rate,18.5
490,Georgia,Population,3.717
491,Georgia,General government revenue,25.213
492,Georgia,General government total expenditure,34.468
493,Georgia,General government net lending/borrowing,-9.255
494,Georgia,General government gross debt,60.19
495,Georgia,Current account balance,-12.405
496,Germany,"Gross domestic product, constant prices",-4.56
497,Germany,"Gross domestic product, current prices","3,843.34"
498,Germany,"Gross domestic product, deflator",108.742
499,Germany,"Gross domestic product per capita, constant prices","51,718.75"
500,Germany,Total investment,21.149
501,Germany,Gross national savings,28.238
502,Germany,"Inflation, average consumer prices",105.842
503,Germany,Volume of imports of goods and services,-9.179
504,Germany,Volume of exports of goods and services,-10.093
505,Germany,Unemployment rate,3.833
506,Germany,Population,83.161
507,Germany,General government revenue,46.529
508,Germany,General government total expenditure,50.842
509,Germany,General government net lending/borrowing,-4.313
510,Germany,General government gross debt,68.724
511,Germany,Current account balance,7.089
512,Greece,"Gross domestic product, constant prices",-9.019
513,Greece,"Gross domestic product, current prices",188.684
514,Greece,"Gross domestic product, deflator",98.952
515,Greece,"Gross domestic product per capita, constant prices","26,979.07"
516,Greece,Total investment,14.998
517,Greece,Gross national savings,7.663
518,Greece,"Inflation, average consumer prices",119.943
519,Greece,Volume of imports of goods and services,-7.313
520,Greece,Volume of exports of goods and services,-26.177
521,Greece,Unemployment rate,16.4
522,Greece,Population,10.719
523,Greece,General government revenue,48.932
524,Greece,General government total expenditure,59.804
525,Greece,General government net lending/borrowing,-10.872
526,Greece,General government gross debt,211.897
527,Greece,Current account balance,-7.335
528,Honduras,"Gross domestic product, constant prices",-8.965
529,Honduras,"Gross domestic product, current prices",23.828
530,Honduras,"Gross domestic product, deflator",291.497
531,Honduras,"Gross domestic product per capita, constant prices","5,119.06"
532,Honduras,Total investment,18.721
533,Honduras,Gross national savings,21.496
534,Honduras,"Inflation, average consumer prices",342.567
535,Honduras,Volume of imports of goods and services,-8.353
536,Honduras,Volume of exports of goods and services,-13.215
537,Honduras,Unemployment rate,9.4
538,Honduras,Population,9.942
539,Honduras,General government revenue,23.352
540,Honduras,General government total expenditure,28.001
541,Honduras,General government net lending/borrowing,-4.649
542,Honduras,General government gross debt,50.972
543,Honduras,Current account balance,2.775
544,Hong Kong SAR,"Gross domestic product, constant prices",-6.497
545,Hong Kong SAR,"Gross domestic product, current prices",344.879
546,Hong Kong SAR,"Gross domestic product, deflator",100.575
547,Hong Kong SAR,"Gross domestic product per capita, constant prices","56,326.49"
548,Hong Kong SAR,Total investment,18.952
549,Hong Kong SAR,Gross national savings,25.933
550,Hong Kong SAR,"Inflation, average consumer prices",99.867
551,Hong Kong SAR,Volume of imports of goods and services,-6.858
552,Hong Kong SAR,Volume of exports of goods and services,-6.684
553,Hong Kong SAR,Unemployment rate,5.828
554,Hong Kong SAR,Population,7.427
555,Hong Kong SAR,General government revenue,20.68
556,Hong Kong SAR,General government total expenditure,29.911
557,Hong Kong SAR,General government net lending/borrowing,-9.231
558,Hong Kong SAR,General government gross debt,0.998
559,Hong Kong SAR,Current account balance,6.984
560,Hungary,"Gross domestic product, constant prices",-4.676
561,Hungary,"Gross domestic product, current prices",155.808
562,Hungary,"Gross domestic product, deflator",122.627
563,Hungary,"Gross domestic product per capita, constant prices","31,423.26"
564,Hungary,Total investment,27.274
565,Hungary,Gross national savings,25.906
566,Hungary,"Inflation, average consumer prices",125.812
567,Hungary,Volume of imports of goods and services,-3.485
568,Hungary,Volume of exports of goods and services,-5.933
569,Hungary,Unemployment rate,4.115
570,Hungary,Population,9.77
571,Hungary,General government revenue,43.291
572,Hungary,General government total expenditure,51.355
573,Hungary,General government net lending/borrowing,-8.064
574,Hungary,General government gross debt,80.036
575,Hungary,Current account balance,-1.587
576,Iceland,"Gross domestic product, constant prices",-7.071
577,Iceland,"Gross domestic product, current prices",21.625
578,Iceland,"Gross domestic product, deflator",114.603
579,Iceland,"Gross domestic product per capita, constant prices","52,824.48"
580,Iceland,Total investment,21.356
581,Iceland,Gross national savings,22.177
582,Iceland,"Inflation, average consumer prices",170.672
583,Iceland,Volume of imports of goods and services,-21.555
584,Iceland,Volume of exports of goods and services,-30.227
585,Iceland,Unemployment rate,6.433
586,Iceland,Population,0.364
587,Iceland,General government revenue,42.056
588,Iceland,General government total expenditure,50.731
589,Iceland,General government net lending/borrowing,-8.674
590,Iceland,General government gross debt,77.408
591,Iceland,Current account balance,0.822
592,Indonesia,"Gross domestic product, constant prices",-2.065
593,Indonesia,"Gross domestic product, current prices","1,059.90"
594,Indonesia,"Gross domestic product, deflator",143.97
595,Indonesia,"Gross domestic product per capita, constant prices","11,586.23"
596,Indonesia,Total investment,32.355
597,Indonesia,Gross national savings,31.936
598,Indonesia,"Inflation, average consumer prices",104.909
599,Indonesia,Volume of imports of goods and services,-14.772
600,Indonesia,Volume of exports of goods and services,-3.943
601,Indonesia,Unemployment rate,7.07
602,Indonesia,Population,270.204
603,Indonesia,General government revenue,12.465
604,Indonesia,General government total expenditure,18.604
605,Indonesia,General government net lending/borrowing,-6.139
606,Indonesia,General government gross debt,39.761
607,Indonesia,Current account balance,-0.418
608,Islamic Republic of Iran,"Gross domestic product, constant prices",1.762
609,Islamic Republic of Iran,"Gross domestic product, current prices",938.052
610,Islamic Republic of Iran,"Gross domestic product, deflator",271.146
611,Islamic Republic of Iran,"Gross domestic product per capita, constant prices","14,945.21"
612,Islamic Republic of Iran,Total investment,42.397
613,Islamic Republic of Iran,Gross national savings,42.322
614,Islamic Republic of Iran,"Inflation, average consumer prices",262.281
615,Islamic Republic of Iran,Volume of imports of goods and services,-20.169
616,Islamic Republic of Iran,Volume of exports of goods and services,-1.932
617,Islamic Republic of Iran,Unemployment rate,9.6
618,Islamic Republic of Iran,Population,84.139
619,Islamic Republic of Iran,General government revenue,7.936
620,Islamic Republic of Iran,General government total expenditure,13.029
621,Islamic Republic of Iran,General government net lending/borrowing,-5.093
622,Islamic Republic of Iran,General government gross debt,45.642
623,Islamic Republic of Iran,Current account balance,-0.075
624,Ireland,"Gross domestic product, constant prices",5.867
625,Ireland,"Gross domestic product, current prices",425.549
626,Ireland,"Gross domestic product, deflator",98.788
627,Ireland,"Gross domestic product per capita, constant prices","91,035.79"
628,Ireland,Total investment,40.882
629,Ireland,Gross national savings,38.228
630,Ireland,"Inflation, average consumer prices",101.183
631,Ireland,Volume of imports of goods and services,-7.443
632,Ireland,Volume of exports of goods and services,9.498
633,Ireland,Unemployment rate,5.842
634,Ireland,Population,4.993
635,Ireland,General government revenue,22.425
636,Ireland,General government total expenditure,27.364
637,Ireland,General government net lending/borrowing,-4.939
638,Ireland,General government gross debt,58.434
639,Ireland,Current account balance,-2.654
640,Israel,"Gross domestic product, constant prices",-2.153
641,Israel,"Gross domestic product, current prices",407.101
642,Israel,"Gross domestic product, deflator",104.369
643,Israel,"Gross domestic product per capita, constant prices","39,128.19"
644,Israel,Total investment,22.117
645,Israel,Gross national savings,27.563
646,Israel,"Inflation, average consumer prices",99.958
647,Israel,Volume of imports of goods and services,-9.461
648,Israel,Volume of exports of goods and services,-1.893
649,Israel,Unemployment rate,4.3
650,Israel,Population,9.214
651,Israel,General government revenue,34.527
652,Israel,General government total expenditure,45.352
653,Israel,General government net lending/borrowing,-10.825
654,Israel,General government gross debt,71.672
655,Israel,Current account balance,5.445
656,Italy,"Gross domestic product, constant prices",-9.026
657,Italy,"Gross domestic product, current prices","1,891.06"
658,Italy,"Gross domestic product, deflator",105.334
659,Italy,"Gross domestic product per capita, constant prices","39,135.84"
660,Italy,Total investment,17.704
661,Italy,Gross national savings,21.45
662,Italy,"Inflation, average consumer prices",103.025
663,Italy,Volume of imports of goods and services,-12.111
664,Italy,Volume of exports of goods and services,-13.426
665,Italy,Unemployment rate,9.342
666,Italy,Population,59.641
667,Italy,General government revenue,47.4
668,Italy,General government total expenditure,56.997
669,Italy,General government net lending/borrowing,-9.597
670,Italy,General government gross debt,155.313
671,Italy,Current account balance,3.747
672,Japan,"Gross domestic product, constant prices",-4.498
673,Japan,"Gross domestic product, current prices","5,040.11"
674,Japan,"Gross domestic product, deflator",101.879
675,Japan,"Gross domestic product per capita, constant prices","39,964.87"
676,Japan,Total investment,25.415
677,Japan,Gross national savings,28.368
678,Japan,"Inflation, average consumer prices",99.994
679,Japan,Volume of imports of goods and services,-7.187
680,Japan,Volume of exports of goods and services,-11.797
681,Japan,Unemployment rate,2.783
682,Japan,Population,125.849
683,Japan,General government revenue,35.569
684,Japan,General government total expenditure,44.521
685,Japan,General government net lending/borrowing,-8.952
686,Japan,General government gross debt,258.996
687,Japan,Current account balance,2.953
688,Kazakhstan,"Gross domestic product, constant prices",-2.6
689,Kazakhstan,"Gross domestic product, current prices",171.082
690,Kazakhstan,"Gross domestic product, deflator",492.081
691,Kazakhstan,"Gross domestic product per capita, constant prices","25,172.41"
692,Kazakhstan,Total investment,28.765
693,Kazakhstan,Gross national savings,24.974
694,Kazakhstan,"Inflation, average consumer prices",457.28
695,Kazakhstan,Volume of imports of goods and services,-27.79
696,Kazakhstan,Volume of exports of goods and services,-1.365
697,Kazakhstan,Unemployment rate,4.925
698,Kazakhstan,Population,18.877
699,Kazakhstan,General government revenue,17.509
700,Kazakhstan,General government total expenditure,24.546
701,Kazakhstan,General government net lending/borrowing,-7.037
702,Kazakhstan,General government gross debt,26.357
703,Kazakhstan,Current account balance,-3.791
704,Korea,"Gross domestic product, constant prices",-0.852
705,Korea,"Gross domestic product, current prices","1,638.26"
706,Korea,"Gross domestic product, deflator",105.241
707,Korea,"Gross domestic product per capita, constant prices","42,426.54"
708,Korea,Total investment,31.861
709,Korea,Gross national savings,36.177
710,Korea,"Inflation, average consumer prices",100
711,Korea,Volume of imports of goods and services,-3.33
712,Korea,Volume of exports of goods and services,-1.842
713,Korea,Unemployment rate,3.942
714,Korea,Population,51.781
715,Korea,General government revenue,22.952
716,Korea,General government total expenditure,25.194
717,Korea,General government net lending/borrowing,-2.242
718,Korea,General government gross debt,48.889
719,Korea,Current account balance,4.633
720,Kosovo,"Gross domestic product, constant prices",-5.341
721,Kosovo,"Gross domestic product, current prices",7.728
722,Kosovo,"Gross domestic product, deflator",104.35
723,Kosovo,"Gross domestic product per capita, constant prices","10,710.60"
724,Kosovo,Total investment,33.406
725,Kosovo,Gross national savings,26.433
726,Kosovo,"Inflation, average consumer prices",105.628
727,Kosovo,Volume of imports of goods and services,-6.196
728,Kosovo,Volume of exports of goods and services,-27.851
729,Kosovo,Unemployment rate,25.95
730,Kosovo,Population,1.789
731,Kosovo,General government revenue,25.641
732,Kosovo,General government total expenditure,33.523
733,Kosovo,General government net lending/borrowing,-7.882
734,Kosovo,General government gross debt,22.487
735,Kosovo,Current account balance,-6.973
736,Kuwait,"Gross domestic product, constant prices",-8.855
737,Kuwait,"Gross domestic product, current prices",105.949
738,Kuwait,"Gross domestic product, deflator",90.11
739,Kuwait,"Gross domestic product per capita, constant prices","41,006.31"
740,Kuwait,Total investment,25.227
741,Kuwait,Gross national savings,28.443
742,Kuwait,"Inflation, average consumer prices",187.842
743,Kuwait,Volume of imports of goods and services,-14.961
744,Kuwait,Volume of exports of goods and services,-9.866
745,Kuwait,Unemployment rate,1.276
746,Kuwait,Population,4.671
747,Kuwait,General government revenue,52.775
748,Kuwait,General government total expenditure,65.538
749,Kuwait,General government net lending/borrowing,-12.763
750,Kuwait,General government gross debt,11.706
751,Kuwait,Current account balance,3.215
752,Latvia,"Gross domestic product, constant prices",-3.769
753,Latvia,"Gross domestic product, current prices",33.619
754,Latvia,"Gross domestic product, deflator",110.526
755,Latvia,"Gross domestic product per capita, constant prices","29,953.67"
756,Latvia,Total investment,21.676
757,Latvia,Gross national savings,24.564
758,Latvia,"Inflation, average consumer prices",108.618
759,Latvia,Volume of imports of goods and services,-2.465
760,Latvia,Volume of exports of goods and services,-2.153
761,Latvia,Unemployment rate,8.099
762,Latvia,Population,1.908
763,Latvia,General government revenue,38.431
764,Latvia,General government total expenditure,42.331
765,Latvia,General government net lending/borrowing,-3.9
766,Latvia,General government gross debt,43.283
767,Latvia,Current account balance,2.869
768,Lithuania,"Gross domestic product, constant prices",-0.132
769,Lithuania,"Gross domestic product, current prices",56.502
770,Lithuania,"Gross domestic product, deflator",114.172
771,Lithuania,"Gross domestic product per capita, constant prices","37,178.19"
772,Lithuania,Total investment,13.47
773,Lithuania,Gross national savings,20.809
774,Lithuania,"Inflation, average consumer prices",110.628
775,Lithuania,Volume of imports of goods and services,-4.38
776,Lithuania,Volume of exports of goods and services,0.434
777,Lithuania,Unemployment rate,8.488
778,Lithuania,Population,2.795
779,Lithuania,General government revenue,34.907
780,Lithuania,General government total expenditure,42.175
781,Lithuania,General government net lending/borrowing,-7.268
782,Lithuania,General government gross debt,46.58
783,Lithuania,Current account balance,7.338
784,Luxembourg,"Gross domestic product, constant prices",-1.777
785,Luxembourg,"Gross domestic product, current prices",73.294
786,Luxembourg,"Gross domestic product, deflator",107.769
787,Luxembourg,"Gross domestic product per capita, constant prices","113,850.82"
788,Luxembourg,Total investment,17.9
789,Luxembourg,Gross national savings,22.18
790,Luxembourg,"Inflation, average consumer prices",105.938
791,Luxembourg,Volume of imports of goods and services,1.586
792,Luxembourg,Volume of exports of goods and services,1.253
793,Luxembourg,Unemployment rate,6.355
794,Luxembourg,Population,0.626
795,Luxembourg,General government revenue,43.915
796,Luxembourg,General government total expenditure,47.732
797,Luxembourg,General government net lending/borrowing,-3.817
798,Luxembourg,General government gross debt,24.751
799,Luxembourg,Current account balance,4.281
800,Malaysia,"Gross domestic product, constant prices",-5.647
801,Malaysia,"Gross domestic product, current prices",337.28
802,Malaysia,"Gross domestic product, deflator",105.412
803,Malaysia,"Gross domestic product per capita, constant prices","26,294.59"
804,Malaysia,Total investment,19.733
805,Malaysia,Gross national savings,23.969
806,Malaysia,"Inflation, average consumer prices",120.1
807,Malaysia,Volume of imports of goods and services,-9.22
808,Malaysia,Volume of exports of goods and services,0.166
809,Malaysia,Unemployment rate,4.525
810,Malaysia,Population,32.584
811,Malaysia,General government revenue,20.643
812,Malaysia,General government total expenditure,25.267
813,Malaysia,General government net lending/borrowing,-4.624
814,Malaysia,General government gross debt,67.783
815,Malaysia,Current account balance,4.236
816,Malta,"Gross domestic product, constant prices",-8.349
817,Malta,"Gross domestic product, current prices",14.905
818,Malta,"Gross domestic product, deflator",110.582
819,Malta,"Gross domestic product per capita, constant prices","41,353.65"
820,Malta,Total investment,21.986
821,Malta,Gross national savings,18.918
822,Malta,"Inflation, average consumer prices",106.368
823,Malta,Volume of imports of goods and services,-2.228
824,Malta,Volume of exports of goods and services,-5.62
825,Malta,Unemployment rate,4.367
826,Malta,Population,0.515
827,Malta,General government revenue,35.796
828,Malta,General government total expenditure,45.717
829,Malta,General government net lending/borrowing,-9.921
830,Malta,General government gross debt,53.282
831,Malta,Current account balance,-3.069
832,Mauritius,"Gross domestic product, constant prices",-14.898
833,Mauritius,"Gross domestic product, current prices",10.921
834,Mauritius,"Gross domestic product, deflator",136.814
835,Mauritius,"Gross domestic product per capita, constant prices","19,441.36"
836,Mauritius,Total investment,18.981
837,Mauritius,Gross national savings,15.305
838,Mauritius,"Inflation, average consumer prices",106.314
839,Mauritius,Volume of imports of goods and services,-11.377
840,Mauritius,Volume of exports of goods and services,-37.862
841,Mauritius,Unemployment rate,9.2
842,Mauritius,Population,1.267
843,Mauritius,General government revenue,22.654
844,Mauritius,General government total expenditure,33.599
845,Mauritius,General government net lending/borrowing,-10.945
846,Mauritius,General government gross debt,99.184
847,Mauritius,Current account balance,-12.496
848,Mexico,"Gross domestic product, constant prices",-8.167
849,Mexico,"Gross domestic product, current prices","1,087.12"
850,Mexico,"Gross domestic product, deflator",137.592
851,Mexico,"Gross domestic product per capita, constant prices","18,124.47"
852,Mexico,Total investment,19.162
853,Mexico,Gross national savings,21.573
854,Mexico,"Inflation, average consumer prices",107.425
855,Mexico,Volume of imports of goods and services,-13.735
856,Mexico,Volume of exports of goods and services,-7.292
857,Mexico,Unemployment rate,4.409
858,Mexico,Population,127.792
859,Mexico,General government revenue,24.226
860,Mexico,General government total expenditure,28.65
861,Mexico,General government net lending/borrowing,-4.424
862,Mexico,General government gross debt,60.297
863,Mexico,Current account balance,2.411
864,Moldova,"Gross domestic product, constant prices",-8.3
865,Moldova,"Gross domestic product, current prices",11.53
866,Moldova,"Gross domestic product, deflator","1,629.05"
867,Moldova,"Gross domestic product per capita, constant prices","12,087.68"
868,Moldova,Total investment,23.864
869,Moldova,Gross national savings,16.177
870,Moldova,"Inflation, average consumer prices","58,021.23"
871,Moldova,Volume of imports of goods and services,0.258
872,Moldova,Volume of exports of goods and services,-21.332
873,Moldova,Unemployment rate,3.825
874,Moldova,Population,2.634
875,Moldova,General government revenue,31.369
876,Moldova,General government total expenditure,36.686
877,Moldova,General government net lending/borrowing,-5.317
878,Moldova,General government gross debt,36.685
879,Moldova,Current account balance,-7.687
880,Mongolia,"Gross domestic product, constant prices",-4.558
881,Mongolia,"Gross domestic product, current prices",13.313
882,Mongolia,"Gross domestic product, deflator",140.509
883,Mongolia,"Gross domestic product per capita, constant prices","11,447.15"
884,Mongolia,Total investment,22.384
885,Mongolia,Gross national savings,17.316
886,Mongolia,"Inflation, average consumer prices",124.883
887,Mongolia,Volume of imports of goods and services,-13.08
888,Mongolia,Volume of exports of goods and services,-15.064
889,Mongolia,Unemployment rate,7
890,Mongolia,Population,3.358
891,Mongolia,General government revenue,27.889
892,Mongolia,General government total expenditure,37.124
893,Mongolia,General government net lending/borrowing,-9.236
894,Mongolia,General government gross debt,91.336
895,Mongolia,Current account balance,-5.067
896,Morocco,"Gross domestic product, constant prices",-6.293
897,Morocco,"Gross domestic product, current prices",114.724
898,Morocco,"Gross domestic product, deflator",115.485
899,Morocco,"Gross domestic product per capita, constant prices","7,288.63"
900,Morocco,Total investment,28.449
901,Morocco,Gross national savings,26.982
902,Morocco,"Inflation, average consumer prices",102.451
903,Morocco,Volume of imports of goods and services,-8.772
904,Morocco,Volume of exports of goods and services,-20.738
905,Morocco,Unemployment rate,12.2
906,Morocco,Population,35.952
907,Morocco,General government revenue,28.558
908,Morocco,General government total expenditure,36.118
909,Morocco,General government net lending/borrowing,-7.56
910,Morocco,General government gross debt,76.408
911,Morocco,Current account balance,-1.467
912,Netherlands,"Gross domestic product, constant prices",-3.825
913,Netherlands,"Gross domestic product, current prices",913.134
914,Netherlands,"Gross domestic product, deflator",109.851
915,Netherlands,"Gross domestic product per capita, constant prices","54,671.24"
916,Netherlands,Total investment,21.742
917,Netherlands,Gross national savings,28.72
918,Netherlands,"Inflation, average consumer prices",106.955
919,Netherlands,Volume of imports of goods and services,-5.415
920,Netherlands,Volume of exports of goods and services,-4.756
921,Netherlands,Unemployment rate,4.851
922,Netherlands,Population,17.408
923,Netherlands,General government revenue,41.07
924,Netherlands,General government total expenditure,45.493
925,Netherlands,General government net lending/borrowing,-4.423
926,Netherlands,General government gross debt,52.755
927,Netherlands,Current account balance,6.978
928,New Zealand,"Gross domestic product, constant prices",-2.074
929,New Zealand,"Gross domestic product, current prices",210.698
930,New Zealand,"Gross domestic product, deflator",127.982
931,New Zealand,"Gross domestic product per capita, constant prices","40,372.39"
932,New Zealand,Total investment,21.659
933,New Zealand,Gross national savings,20.838
934,New Zealand,"Inflation, average consumer prices",150.912
935,New Zealand,Volume of imports of goods and services,-15.917
936,New Zealand,Volume of exports of goods and services,-12.855
937,New Zealand,Unemployment rate,4.625
938,New Zealand,Population,5.086
939,New Zealand,General government revenue,37.648
940,New Zealand,General government total expenditure,41.682
941,New Zealand,General government net lending/borrowing,-4.034
942,New Zealand,General government gross debt,43.121
943,New Zealand,Current account balance,-0.821
944,Nicaragua,"Gross domestic product, constant prices",-1.977
945,Nicaragua,"Gross domestic product, current prices",12.62
946,Nicaragua,"Gross domestic product, deflator",255.212
947,Nicaragua,"Gross domestic product per capita, constant prices","5,384.31"
948,Nicaragua,Total investment,19.177
949,Nicaragua,Gross national savings,25.035
950,Nicaragua,"Inflation, average consumer prices",234.634
951,Nicaragua,Volume of imports of goods and services,-0.883
952,Nicaragua,Volume of exports of goods and services,-9.651
953,Nicaragua,Unemployment rate,7.293
954,Nicaragua,Population,6.496
955,Nicaragua,General government revenue,26.852
956,Nicaragua,General government total expenditure,28.975
957,Nicaragua,General government net lending/borrowing,-2.123
958,Nicaragua,General government gross debt,47.919
959,Nicaragua,Current account balance,5.858
960,Norway,"Gross domestic product, constant prices",-0.717
961,Norway,"Gross domestic product, current prices",362.198
962,Norway,"Gross domestic product, deflator",96.395
963,Norway,"Gross domestic product per capita, constant prices","62,387.43"
964,Norway,Total investment,30.305
965,Norway,Gross national savings,31.424
966,Norway,"Inflation, average consumer prices",121.817
967,Norway,Volume of imports of goods and services,-11.936
968,Norway,Volume of exports of goods and services,-1.225
969,Norway,Unemployment rate,4.595
970,Norway,Population,5.385
971,Norway,General government revenue,54.476
972,Norway,General government total expenditure,57.29
973,Norway,General government net lending/borrowing,-2.814
974,Norway,General government gross debt,46.802
975,Norway,Current account balance,1.114
976,Pakistan,"Gross domestic product, constant prices",-1.002
977,Pakistan,"Gross domestic product, current prices",299.296
978,Pakistan,"Gross domestic product, deflator",137.48
979,Pakistan,"Gross domestic product per capita, constant prices","5,253.02"
980,Pakistan,Total investment,14.984
981,Pakistan,Gross national savings,13.498
982,Pakistan,"Inflation, average consumer prices",129.763
983,Pakistan,Volume of imports of goods and services,-13.359
984,Pakistan,Volume of exports of goods and services,-2.057
985,Pakistan,Unemployment rate,7.6
986,Pakistan,Population,218.24
987,Pakistan,General government revenue,13.27
988,Pakistan,General government total expenditure,20.304
989,Pakistan,General government net lending/borrowing,-7.034
990,Pakistan,General government gross debt,79.587
991,Pakistan,Current account balance,-1.486
992,Panama,"Gross domestic product, constant prices",-17.945
993,Panama,"Gross domestic product, current prices",53.977
994,Panama,"Gross domestic product, deflator",152.824
995,Panama,"Gross domestic product per capita, constant prices","25,605.04"
996,Panama,Total investment,24.059
997,Panama,Gross national savings,26.286
998,Panama,"Inflation, average consumer prices",103.229
999,Panama,Volume of imports of goods and services,-29.858
1000,Panama,Volume of exports of goods and services,-26.84
1001,Panama,Unemployment rate,18.548
1002,Panama,Population,4.279
1003,Panama,General government revenue,18.269
1004,Panama,General government total expenditure,28.775
1005,Panama,General government net lending/borrowing,-10.506
1006,Panama,General government gross debt,65.562
1007,Panama,Current account balance,2.226
1008,Paraguay,"Gross domestic product, constant prices",-0.82
1009,Paraguay,"Gross domestic product, current prices",35.432
1010,Paraguay,"Gross domestic product, deflator",116.086
1011,Paraguay,"Gross domestic product per capita, constant prices","12,153.22"
1012,Paraguay,Total investment,20.041
1013,Paraguay,Gross national savings,22.752
1014,Paraguay,"Inflation, average consumer prices",106.517
1015,Paraguay,Volume of imports of goods and services,-15.191
1016,Paraguay,Volume of exports of goods and services,-5.137
1017,Paraguay,Unemployment rate,7.708
1018,Paraguay,Population,7.253
1019,Paraguay,General government revenue,18.642
1020,Paraguay,General government total expenditure,25.833
1021,Paraguay,General government net lending/borrowing,-7.192
1022,Paraguay,General government gross debt,36.899
1023,Paraguay,Current account balance,2.711
1024,Peru,"Gross domestic product, constant prices",-11.018
1025,Peru,"Gross domestic product, current prices",205.233
1026,Peru,"Gross domestic product, deflator",147.617
1027,Peru,"Gross domestic product per capita, constant prices","11,262.11"
1028,Peru,Total investment,19.266
1029,Peru,Gross national savings,20.02
1030,Peru,"Inflation, average consumer prices",134.175
1031,Peru,Volume of imports of goods and services,-11.077
1032,Peru,Volume of exports of goods and services,-13.734
1033,Peru,Unemployment rate,13.9
1034,Peru,Population,33.494
1035,Peru,General government revenue,17.893
1036,Peru,General government total expenditure,26.24
1037,Peru,General government net lending/borrowing,-8.347
1038,Peru,General government gross debt,35.085
1039,Peru,Current account balance,0.753
1040,Philippines,"Gross domestic product, constant prices",-9.573
1041,Philippines,"Gross domestic product, current prices",361.489
1042,Philippines,"Gross domestic product, deflator",102.347
1043,Philippines,"Gross domestic product per capita, constant prices","8,012.89"
1044,Philippines,Total investment,17.383
1045,Philippines,Gross national savings,20.586
1046,Philippines,"Inflation, average consumer prices",104.825
1047,Philippines,Volume of imports of goods and services,-23.505
1048,Philippines,Volume of exports of goods and services,-16.898
1049,Philippines,Unemployment rate,10.4
1050,Philippines,Population,108.77
1051,Philippines,General government revenue,20.642
1052,Philippines,General government total expenditure,26.375
1053,Philippines,General government net lending/borrowing,-5.733
1054,Philippines,General government gross debt,51.675
1055,Philippines,Current account balance,3.203
1056,Poland,"Gross domestic product, constant prices",-2.549
1057,Poland,"Gross domestic product, current prices",596.633
1058,Poland,"Gross domestic product, deflator",111.096
1059,Poland,"Gross domestic product per capita, constant prices","32,448.50"
1060,Poland,Total investment,17.248
1061,Poland,Gross national savings,20.185
1062,Poland,"Inflation, average consumer prices",182.531
1063,Poland,Volume of imports of goods and services,-1.152
1064,Poland,Volume of exports of goods and services,0.133
1065,Poland,Unemployment rate,3.2
1066,Poland,Population,37.958
1067,Poland,General government revenue,41.531
1068,Poland,General government total expenditure,48.669
1069,Poland,General government net lending/borrowing,-7.138
1070,Poland,General government gross debt,57.445
1071,Poland,Current account balance,2.936
1072,Portugal,"Gross domestic product, constant prices",-8.442
1073,Portugal,"Gross domestic product, current prices",228.356
1074,Portugal,"Gross domestic product, deflator",107.202
1075,Portugal,"Gross domestic product per capita, constant prices","32,001.69"
1076,Portugal,Total investment,18.752
1077,Portugal,Gross national savings,17.558
1078,Portugal,"Inflation, average consumer prices",103.579
1079,Portugal,Volume of imports of goods and services,-11.88
1080,Portugal,Volume of exports of goods and services,-18.631
1081,Portugal,Unemployment rate,7.142
1082,Portugal,Population,10.297
1083,Portugal,General government revenue,43.501
1084,Portugal,General government total expenditure,49.341
1085,Portugal,General government net lending/borrowing,-5.84
1086,Portugal,General government gross debt,135.186
1087,Portugal,Current account balance,-1.069
1088,Romania,"Gross domestic product, constant prices",-3.748
1089,Romania,"Gross domestic product, current prices",249.512
1090,Romania,"Gross domestic product, deflator",126.343
1091,Romania,"Gross domestic product per capita, constant prices","28,983.44"
1092,Romania,Total investment,24.442
1093,Romania,Gross national savings,19.428
1094,Romania,"Inflation, average consumer prices",127.092
1095,Romania,Volume of imports of goods and services,-5.859
1096,Romania,Volume of exports of goods and services,-9.348
1097,Romania,Unemployment rate,5.035
1098,Romania,Population,19.329
1099,Romania,General government revenue,28.831
1100,Romania,General government total expenditure,38.637
1101,Romania,General government net lending/borrowing,-9.806
1102,Romania,General government gross debt,49.643
1103,Romania,Current account balance,-5.021
1104,Russia,"Gross domestic product, constant prices",-2.7
1105,Russia,"Gross domestic product, current prices","1,483.38"
1106,Russia,"Gross domestic product, deflator",120.412
1107,Russia,"Gross domestic product per capita, constant prices","26,708.09"
1108,Russia,Total investment,23.484
1109,Russia,Gross national savings,25.913
1110,Russia,"Inflation, average consumer prices",123.318
1111,Russia,Volume of imports of goods and services,-11.89
1112,Russia,Volume of exports of goods and services,-4.044
1113,Russia,Unemployment rate,5.783
1114,Russia,Population,146.171
1115,Russia,General government revenue,35.276
1116,Russia,General government total expenditure,39.278
1117,Russia,General government net lending/borrowing,-4.001
1118,Russia,General government gross debt,19.217
1119,Russia,Current account balance,2.429
1120,Saudi Arabia,"Gross domestic product, constant prices",-4.138
1121,Saudi Arabia,"Gross domestic product, current prices",703.368
1122,Saudi Arabia,"Gross domestic product, deflator",104.146
1123,Saudi Arabia,"Gross domestic product per capita, constant prices","44,096.75"
1124,Saudi Arabia,Total investment,27.626
1125,Saudi Arabia,Gross national savings,24.56
1126,Saudi Arabia,"Inflation, average consumer prices",101.28
1127,Saudi Arabia,Volume of imports of goods and services,-16.139
1128,Saudi Arabia,Volume of exports of goods and services,-13.449
1129,Saudi Arabia,Unemployment rate,7.4
1130,Saudi Arabia,Population,35.013
1131,Saudi Arabia,General government revenue,29.52
1132,Saudi Arabia,General government total expenditure,40.784
1133,Saudi Arabia,General government net lending/borrowing,-11.264
1134,Saudi Arabia,General government gross debt,32.374
1135,Saudi Arabia,Current account balance,-3.066
1136,Serbia,"Gross domestic product, constant prices",-0.945
1137,Serbia,"Gross domestic product, current prices",53.335
1138,Serbia,"Gross domestic product, deflator",111.911
1139,Serbia,"Gross domestic product per capita, constant prices","18,193.80"
1140,Serbia,Total investment,24.196
1141,Serbia,Gross national savings,20.075
1142,Serbia,"Inflation, average consumer prices",200.01
1143,Serbia,Volume of imports of goods and services,-2.064
1144,Serbia,Volume of exports of goods and services,-5.373
1145,Serbia,Unemployment rate,10.093
1146,Serbia,Population,6.927
1147,Serbia,General government revenue,40.983
1148,Serbia,General government total expenditure,48.225
1149,Serbia,General government net lending/borrowing,-7.242
1150,Serbia,General government gross debt,57.884
1151,Serbia,Current account balance,-4.122
1152,Seychelles,"Gross domestic product, constant prices",-7.723
1153,Seychelles,"Gross domestic product, current prices",1.202
1154,Seychelles,"Gross domestic product, deflator",104.728
1155,Seychelles,"Gross domestic product per capita, constant prices","27,213.25"
1156,Seychelles,Total investment,22.383
1157,Seychelles,Gross national savings,-0.627
1158,Seychelles,"Inflation, average consumer prices",113.18
1159,Seychelles,Volume of imports of goods and services,-25.439
1160,Seychelles,Volume of exports of goods and services,-23.522
1161,Seychelles,Unemployment rate,3
1162,Seychelles,Population,0.097
1163,Seychelles,General government revenue,35.662
1164,Seychelles,General government total expenditure,53.035
1165,Seychelles,General government net lending/borrowing,-17.373
1166,Seychelles,General government gross debt,89.097
1167,Seychelles,Current account balance,-23.01
1168,Singapore,"Gross domestic product, constant prices",-4.143
1169,Singapore,"Gross domestic product, current prices",345.286
1170,Singapore,"Gross domestic product, deflator",103.329
1171,Singapore,"Gross domestic product per capita, constant prices","94,505.64"
1172,Singapore,Total investment,22.454
1173,Singapore,Gross national savings,39.292
1174,Singapore,"Inflation, average consumer prices",99.818
1175,Singapore,Volume of imports of goods and services,-2.285
1176,Singapore,Volume of exports of goods and services,-0.247
1177,Singapore,Unemployment rate,3
1178,Singapore,Population,5.686
1179,Singapore,General government revenue,17.852
1180,Singapore,General government total expenditure,23.711
1181,Singapore,General government net lending/borrowing,-5.859
1182,Singapore,General government gross debt,152.001
1183,Singapore,Current account balance,16.838
1184,Slovak Republic,"Gross domestic product, constant prices",-4.359
1185,Slovak Republic,"Gross domestic product, current prices",105.088
1186,Slovak Republic,"Gross domestic product, deflator",107.802
1187,Slovak Republic,"Gross domestic product per capita, constant prices","31,344.62"
1188,Slovak Republic,Total investment,18.859
1189,Slovak Republic,Gross national savings,18.961
1190,Slovak Republic,"Inflation, average consumer prices",108.462
1191,Slovak Republic,Volume of imports of goods and services,-8.405
1192,Slovak Republic,Volume of exports of goods and services,-7.39
1193,Slovak Republic,Unemployment rate,6.65
1194,Slovak Republic,Population,5.458
1195,Slovak Republic,General government revenue,40.055
1196,Slovak Republic,General government total expenditure,45.552
1197,Slovak Republic,General government net lending/borrowing,-5.497
1198,Slovak Republic,General government gross debt,59.742
1199,Slovak Republic,Current account balance,0.103
1200,Slovenia,"Gross domestic product, constant prices",-4.23
1201,Slovenia,"Gross domestic product, current prices",53.547
1202,Slovenia,"Gross domestic product, deflator",113.165
1203,Slovenia,"Gross domestic product per capita, constant prices","37,333.29"
1204,Slovenia,Total investment,19.998
1205,Slovenia,Gross national savings,27.378
1206,Slovenia,"Inflation, average consumer prices",104.758
1207,Slovenia,Volume of imports of goods and services,-9.579
1208,Slovenia,Volume of exports of goods and services,-8.663
1209,Slovenia,Unemployment rate,5.008
1210,Slovenia,Population,2.096
1211,Slovenia,General government revenue,43.509
1212,Slovenia,General government total expenditure,51.322
1213,Slovenia,General government net lending/borrowing,-7.813
1214,Slovenia,General government gross debt,79.762
1215,Slovenia,Current account balance,7.38
1216,South Africa,"Gross domestic product, constant prices",-6.432
1217,South Africa,"Gross domestic product, current prices",335.344
1218,South Africa,"Gross domestic product, deflator",129.008
1219,South Africa,"Gross domestic product per capita, constant prices","12,599.28"
1220,South Africa,Total investment,12.746
1221,South Africa,Gross national savings,14.734
1222,South Africa,"Inflation, average consumer prices",93.292
1223,South Africa,Volume of imports of goods and services,-17.423
1224,South Africa,Volume of exports of goods and services,-11.95
1225,South Africa,Unemployment rate,29.175
1226,South Africa,Population,59.622
1227,South Africa,General government revenue,25.128
1228,South Africa,General government total expenditure,34.863
1229,South Africa,General government net lending/borrowing,-9.735
1230,South Africa,General government gross debt,69.427
1231,South Africa,Current account balance,1.989
1232,Spain,"Gross domestic product, constant prices",-10.823
1233,Spain,"Gross domestic product, current prices","1,280.46"
1234,Spain,"Gross domestic product, deflator",105.386
1235,Spain,"Gross domestic product per capita, constant prices","36,258.78"
1236,Spain,Total investment,20.691
1237,Spain,Gross national savings,21.516
1238,Spain,"Inflation, average consumer prices",97
1239,Spain,Volume of imports of goods and services,-15.193
1240,Spain,Volume of exports of goods and services,-20.151
1241,Spain,Unemployment rate,15.533
1242,Spain,Population,47.356
1243,Spain,General government revenue,41.48
1244,Spain,General government total expenditure,52.434
1245,Spain,General government net lending/borrowing,-10.954
1246,Spain,General government gross debt,119.951
1247,Spain,Current account balance,0.825
1248,Sri Lanka,"Gross domestic product, constant prices",-3.569
1249,Sri Lanka,"Gross domestic product, current prices",80.677
1250,Sri Lanka,"Gross domestic product, deflator",157.104
1251,Sri Lanka,"Gross domestic product per capita, constant prices","12,536.94"
1252,Sri Lanka,Total investment,25.384
1253,Sri Lanka,Gross national savings,24.044
1254,Sri Lanka,"Inflation, average consumer prices",135.367
1255,Sri Lanka,Volume of imports of goods and services,-20.508
1256,Sri Lanka,Volume of exports of goods and services,-29.591
1257,Sri Lanka,Unemployment rate,5.5
1258,Sri Lanka,Population,21.919
1259,Sri Lanka,General government revenue,9.172
1260,Sri Lanka,General government total expenditure,21.931
1261,Sri Lanka,General government net lending/borrowing,-12.759
1262,Sri Lanka,General government gross debt,101.237
1263,Sri Lanka,Current account balance,-1.342
1264,Sweden,"Gross domestic product, constant prices",-2.944
1265,Sweden,"Gross domestic product, current prices",541.487
1266,Sweden,"Gross domestic product, deflator",100
1267,Sweden,"Gross domestic product per capita, constant prices","51,571.89"
1268,Sweden,Total investment,24.771
1269,Sweden,Gross national savings,30.844
1270,Sweden,"Inflation, average consumer prices",107.632
1271,Sweden,Volume of imports of goods and services,-5.32
1272,Sweden,Volume of exports of goods and services,-4.82
1273,Sweden,Unemployment rate,8.533
1274,Sweden,Population,10.379
1275,Sweden,General government revenue,48.62
1276,Sweden,General government total expenditure,51.44
1277,Sweden,General government net lending/borrowing,-2.819
1278,Sweden,General government gross debt,39.628
1279,Sweden,Current account balance,6.073
1280,Switzerland,"Gross domestic product, constant prices",-2.515
1281,Switzerland,"Gross domestic product, current prices",751.743
1282,Switzerland,"Gross domestic product, deflator",99.168
1283,Switzerland,"Gross domestic product per capita, constant prices","69,429.21"
1284,Switzerland,Total investment,28.525
1285,Switzerland,Gross national savings,31.342
1286,Switzerland,"Inflation, average consumer prices",100.422
1287,Switzerland,Volume of imports of goods and services,-4.392
1288,Switzerland,Volume of exports of goods and services,-6.438
1289,Switzerland,Unemployment rate,3.143
1290,Switzerland,Population,8.606
1291,Switzerland,General government revenue,33.661
1292,Switzerland,General government total expenditure,36.481
1293,Switzerland,General government net lending/borrowing,-2.821
1294,Switzerland,General government gross debt,42.383
1295,Switzerland,Current account balance,2.817
1296,Taiwan Province of China,"Gross domestic product, constant prices",3.359
1297,Taiwan Province of China,"Gross domestic product, current prices",669.25
1298,Taiwan Province of China,"Gross domestic product, deflator",99.698
1299,Taiwan Province of China,"Gross domestic product per capita, constant prices","53,128.31"
1300,Taiwan Province of China,Total investment,24.193
1301,Taiwan Province of China,Gross national savings,39.93
1302,Taiwan Province of China,"Inflation, average consumer prices",102.98
1303,Taiwan Province of China,Volume of imports of goods and services,-3.265
1304,Taiwan Province of China,Volume of exports of goods and services,0.75
1305,Taiwan Province of China,Unemployment rate,3.85
1306,Taiwan Province of China,Population,23.561
1307,Taiwan Province of China,General government revenue,15.335
1308,Taiwan Province of China,General government total expenditure,18.258
1309,Taiwan Province of China,General government net lending/borrowing,-2.922
1310,Taiwan Province of China,General government gross debt,32.598
1311,Taiwan Province of China,Current account balance,14.188
1312,Thailand,"Gross domestic product, constant prices",-6.195
1313,Thailand,"Gross domestic product, current prices",500.293
1314,Thailand,"Gross domestic product, deflator",152.772
1315,Thailand,"Gross domestic product per capita, constant prices","17,253.07"
1316,Thailand,Total investment,23.662
1317,Thailand,Gross national savings,27.895
1318,Thailand,"Inflation, average consumer prices",99.151
1319,Thailand,Volume of imports of goods and services,-14.139
1320,Thailand,Volume of exports of goods and services,-19.682
1321,Thailand,Unemployment rate,2
1322,Thailand,Population,69.8
1323,Thailand,General government revenue,20.652
1324,Thailand,General government total expenditure,25.365
1325,Thailand,General government net lending/borrowing,-4.713
1326,Thailand,General government gross debt,49.752
1327,Thailand,Current account balance,4.233
1328,Tunisia,"Gross domestic product, constant prices",-9.34
1329,Tunisia,"Gross domestic product, current prices",42.502
1330,Tunisia,"Gross domestic product, deflator",136.422
1331,Tunisia,"Gross domestic product per capita, constant prices","10,184.11"
1332,Tunisia,Total investment,12.323
1333,Tunisia,Gross national savings,6.426
1334,Tunisia,"Inflation, average consumer prices",132.02
1335,Tunisia,Volume of imports of goods and services,-15.005
1336,Tunisia,Volume of exports of goods and services,-10.958
1337,Tunisia,Unemployment rate,17.4
1338,Tunisia,Population,11.903
1339,Tunisia,General government revenue,25.471
1340,Tunisia,General government total expenditure,34.526
1341,Tunisia,General government net lending/borrowing,-9.055
1342,Tunisia,General government gross debt,82.877
1343,Tunisia,Current account balance,-5.897
1344,Turkey,"Gross domestic product, constant prices",1.794
1345,Turkey,"Gross domestic product, current prices",719.919
1346,Turkey,"Gross domestic product, deflator",279.776
1347,Turkey,"Gross domestic product per capita, constant prices","28,867.79"
1348,Turkey,Total investment,31.886
1349,Turkey,Gross national savings,26.796
1350,Turkey,"Inflation, average consumer prices",469.591
1351,Turkey,Volume of imports of goods and services,6.79
1352,Turkey,Volume of exports of goods and services,-14.694
1353,Turkey,Unemployment rate,13.147
1354,Turkey,Population,83.614
1355,Turkey,General government revenue,28.87
1356,Turkey,General government total expenditure,33.962
1357,Turkey,General government net lending/borrowing,-5.091
1358,Turkey,General government gross debt,39.518
1359,Turkey,Current account balance,-4.936
1360,Ukraine,"Gross domestic product, constant prices",-3.8
1361,Ukraine,"Gross domestic product, current prices",155.3
1362,Ukraine,"Gross domestic product, deflator",167.1
1363,Ukraine,"Gross domestic product per capita, constant prices","12,511.24"
1364,Ukraine,Total investment,7.515
1365,Ukraine,Gross national savings,10.846
1366,Ukraine,"Inflation, average consumer prices","90,264,859.78"
1367,Ukraine,Volume of imports of goods and services,-3.54
1368,Ukraine,Volume of exports of goods and services,11.448
1369,Ukraine,Unemployment rate,9.15
1370,Ukraine,Population,41.403
1371,Ukraine,General government revenue,39.968
1372,Ukraine,General government total expenditure,45.928
1373,Ukraine,General government net lending/borrowing,-5.961
1374,Ukraine,General government gross debt,61.001
1375,Ukraine,Current account balance,3.33
1376,United Kingdom,"Gross domestic product, constant prices",-9.27
1377,United Kingdom,"Gross domestic product, current prices","2,758.87"
1378,United Kingdom,"Gross domestic product, deflator",105.091
1379,United Kingdom,"Gross domestic product per capita, constant prices","42,975.53"
1380,United Kingdom,Total investment,16.693
1381,United Kingdom,Gross national savings,14.192
1382,United Kingdom,"Inflation, average consumer prices",108.736
1383,United Kingdom,Volume of imports of goods and services,-15.769
1384,United Kingdom,Volume of exports of goods and services,-12.961
1385,United Kingdom,Unemployment rate,4.525
1386,United Kingdom,Population,67.081
1387,United Kingdom,General government revenue,36.16
1388,United Kingdom,General government total expenditure,48.921
1389,United Kingdom,General government net lending/borrowing,-12.761
1390,United Kingdom,General government gross debt,102.608
1391,United Kingdom,Current account balance,-2.502
1392,United States,"Gross domestic product, constant prices",-3.405
1393,United States,"Gross domestic product, current prices","20,893.75"
1394,United States,"Gross domestic product, deflator",113.647
1395,United States,"Gross domestic product per capita, constant prices","59,803.38"
1396,United States,Total investment,21.152
1397,United States,Gross national savings,19.158
1398,United States,"Inflation, average consumer prices",258.838
1399,United States,Volume of imports of goods and services,-8.933
1400,United States,Volume of exports of goods and services,-13.561
1401,United States,Unemployment rate,8.092
1402,United States,Population,331.234
1403,United States,General government revenue,30.804
1404,United States,General government total expenditure,45.296
1405,United States,General government net lending/borrowing,-14.492
1406,United States,General government gross debt,134.238
1407,United States,Current account balance,-2.949
1408,Uruguay,"Gross domestic product, constant prices",-6.115
1409,Uruguay,"Gross domestic product, current prices",53.561
1410,Uruguay,"Gross domestic product, deflator",135.485
1411,Uruguay,"Gross domestic product per capita, constant prices","21,200.62"
1412,Uruguay,Total investment,17.423
1413,Uruguay,Gross national savings,16.585
1414,Uruguay,"Inflation, average consumer prices",216.725
1415,Uruguay,Volume of imports of goods and services,-12.71
1416,Uruguay,Volume of exports of goods and services,-19.065
1417,Uruguay,Unemployment rate,10.35
1418,Uruguay,Population,3.531
1419,Uruguay,General government revenue,28.124
1420,Uruguay,General government total expenditure,32.793
1421,Uruguay,General government net lending/borrowing,-4.668
1422,Uruguay,General government gross debt,68.143
1423,Uruguay,Current account balance,-0.839
1424,Uzbekistan,"Gross domestic product, constant prices",1.886
1425,Uzbekistan,"Gross domestic product, current prices",59.893
1426,Uzbekistan,"Gross domestic product, deflator",100
1427,Uzbekistan,"Gross domestic product per capita, constant prices","7,415.02"
1428,Uzbekistan,Total investment,38.674
1429,Uzbekistan,Gross national savings,33.652
1430,Uzbekistan,"Inflation, average consumer prices",313.051
1431,Uzbekistan,Volume of imports of goods and services,-12.844
1432,Uzbekistan,Volume of exports of goods and services,-20.029
1433,Uzbekistan,Unemployment rate,10.531
1434,Uzbekistan,Population,33.905
1435,Uzbekistan,General government revenue,26.356
1436,Uzbekistan,General government total expenditure,28.873
1437,Uzbekistan,General government net lending/borrowing,-2.517
1438,Uzbekistan,General government gross debt,37.601
1439,Uzbekistan,Current account balance,-5.021
1440,Vietnam,"Gross domestic product, constant prices",2.944
1441,Vietnam,"Gross domestic product, current prices",342.941
1442,Vietnam,"Gross domestic product, deflator",159.726
1443,Vietnam,"Gross domestic product per capita, constant prices","10,331.25"
1444,Vietnam,Total investment,32.11
1445,Vietnam,Gross national savings,36.485
1446,Vietnam,"Inflation, average consumer prices",282.118
1447,Vietnam,Volume of imports of goods and services,2.655
1448,Vietnam,Volume of exports of goods and services,3.569
1449,Vietnam,Unemployment rate,3.3
1450,Vietnam,Population,97.406
1451,Vietnam,General government revenue,18.535
1452,Vietnam,General government total expenditure,22.444
1453,Vietnam,General government net lending/borrowing,-3.909
1454,Vietnam,General government gross debt,41.668
1455,Vietnam,Current account balance,4.391
